<edmx:Edmx xmlns:edmx="http://schemas.microsoft.com/ado/2007/06/edmx" Version="1.0">
	<edmx:DataServices xmlns:m="http://schemas.microsoft.com/ado/2007/08/dataservices/metadata" m:DataServiceVersion="1.0">
		<Schema xmlns="http://schemas.microsoft.com/ado/2008/09/edm" Namespace="default">
			<EntityType Name="Module">
				<Key>
					<PropertyRef Name="Id"/>
					<PropertyRef Name="SNumber"/>
				</Key>
				<Property Name="Id" Type="Edm.Int32" Nullable="false"/>
				<Property Name="IsDistinction" Type="Edm.Boolean" Nullable="false"/>
				<Property Name="MarkReceived" Type="Edm.Single" Nullable="false"/>
				<Property Name="ModuleCode" Type="Edm.String" Nullable="false" MaxLength="128"/>
				<Property Name="ModuleDescription" Type="Edm.String" Nullable="false" MaxLength="128"/>
				<Property Name="SNumber" Type="Edm.String" Nullable="false" MaxLength="8"/>
				<Property Name="Student" Type="Edm.String" Nullable="true" MaxLength="8"/>
				<NavigationProperty Name="StudentDetails" Relationship="default.Module_Student_Many_One0" FromRole="Module" ToRole="Student"/>
			</EntityType>
			<EntityType Name="Student">
				<Key>
					<PropertyRef Name="SNumber"/>
				</Key>
				<Property Name="BirthDate" Type="Edm.DateTime" Nullable="false"/>
				<Property Name="Degree" Type="Edm.String" Nullable="false" MaxLength="128"/>
				<Property Name="EntryDate" Type="Edm.DateTime" Nullable="false"/>
				<Property Name="FirstName" Type="Edm.String" Nullable="false" MaxLength="128"/>
				<Property Name="LastName" Type="Edm.String" Nullable="false" MaxLength="128"/>
				<Property Name="SNumber" Type="Edm.String" Nullable="false" MaxLength="8"/>
				<Property Name="Year" Type="Edm.Int32" Nullable="false"/>
				<NavigationProperty Name="ModuleDetails" Relationship="default.Module_Student_Many_One0" FromRole="Student" ToRole="Module"/>
			</EntityType>
			<Association Name="Module_Student_Many_One0">
				<End Type="default.Module" Multiplicity="*" Role="Module"/>
				<End Type="default.Student" Multiplicity="1" Role="Student"/>
				<ReferentialConstraint>
					<Principal Role="Student">
						<PropertyRef Name="SNumber"/>
					</Principal>
					<Dependent Role="Module">
						<PropertyRef Name="SNumber"/>
					</Dependent>
				</ReferentialConstraint>
			</Association>
			<EntityContainer Name="defaultContainer" m:IsDefaultEntityContainer="true">
				<EntitySet Name="Modules" EntityType="default.Module"/>
				<EntitySet Name="Students" EntityType="default.Student"/>
				<AssociationSet Name="Module_Student_Many_One0Set" Association="default.Module_Student_Many_One0">
					<End EntitySet="Modules" Role="Module"/>
					<End EntitySet="Students" Role="Student"/>
				</AssociationSet>
			</EntityContainer>
		</Schema>
	</edmx:DataServices>
</edmx:Edmx>